chr,start,end,direction,seq,ctcf,dnase,h3k4me3,rrbs
chr1,152303161,152303183,+,TATGAGTGCTCACCTGGTAGAGG,NNNNNNNNNNNNNNNNNNNNNNN,AAAAAAAAAAAAAAAAAAAAAAA,AAAAAAAAAAAAAAAAAAAAAAA,NNNNNNNNNNNNNNNNNNNNNNN
chr1,152303100,152303122,-,CCCTGGTTCCTACTTGTCCTGGG,NNNNNNNNNNNNNNNNNNNNNNN,AAAAAAAAAAAAAAAAAAAAAAA,AAAAAAAAAAAAAAAAAAAAAAA,NNNNNNNNNNNNNNNNNNNNNNN
chr1,152303146,152303168,+,TGGTGTCATAGGCTTCATCCTGG,NNNNNNNNNNNNNNNNNNNNNNN,AAAAAAAAAAAAAAAAAAAAAAA,AAAAAAAAAAAAAAAAAAAAAAA,NNNNNNNNNNNNNNNNNNNNNNN
chr1,152303159,152303181,+,ATCGCCTCTCAGAGTCCTCTGGG,NNNNNNNNNNNNNNNNNNNNNNN,AAAAAAAAAAAAAAAAAAAAAAA,AAAAAAAAAAAAAAAAAAAAAAA,NNNNNNNNNNNNNNNNNNNNNNN
chr1,152304410,152304432,+,CCAGAGGAAGTCTCTGCGTGAGG,NNNNNNNNNNNNNNNNNNNNNNN,AAAAAAAAAAAAAAAAAAAAAAA,AAAAAAAAAAAAAAAAAAAAAAA,NNNNNNNNNNNNNNNNNNNNNNN
chr1,152308152,152308174,+,ACCTATCTACCGATTGCTCTTGG,NNNNNNNNNNNNNNNNNNNNNNN,AAAAAAAAAAAAAAAAAAAAAAA,AAAAAAAAAAAAAAAAAAAAAAA,NNNNNNNNNNNNNNNNNNNNNNN
chr1,152313641,152313663,-,ATCTACCAATTGCTCGTAGTGGG,NNNNNNNNNNNNNNNNNNNNNNN,AAAAAAAAAAAAAAAAAAAAAAA,AAAAAAAAAAAAAAAAAAAAAAA,NNNNNNNNNNNNNNNNNNNNNNN
chr1,152317846,152317868,-,CGGGATCCGTGTCTTTCTCCTGG,NNNNNNNNNNNNNNNNNNNNNNN,AAAAAAANNNNNNNNNNNNNNNN,AAAAAAAAAAAAAAAAAAAAAAA,NNNNNNNNNNNNNNNNNNNNNNN
chr1,152313638,152313660,-,ATTTACCGATTGCTCGTGGTGGG,NNNNNNNNNNNNNNNNNNNNNNN,AAAAAAAAAAAAAAAAAAAAAAA,AAAAAAAAAAAAAAAAAAAAAAA,NNNNNNNNNNNNNNNNNNNNNNN
chr1,152313668,152313690,+,ATGGGGCCCAGCTTGTCCGTGGG,NNNNNNNNNNNNNNNNNNNNNNN,NNNNNNNNNNNNNNNNNAAAAAA,AAAAAAAAAAAAAAAAAAAAAAA,NNNNNNNNNNNNNNNNNNNNNNN
chr1,152317847,152317869,-,GTCGAGACCTTTCCCCTGACCGG,NNNNNNNNNNNNNNNNNNNNNNN,AAAAAAAAAAAAAAAAAAAAAAA,AAAAAAAAAAAAAAAAAAAAAAA,NNNNNNNNNNNNNNNNNNNNNNN
chr1,152324320,152324342,-,TGCTGGTCCTGGTCCGCCCATGG,NNNNNNNNNNNNNNNNNNNNNNN,NNNNNNNNNNNNNNNNNNNNNNN,AAAAAAAAAAAAAAAAAAAAAAA,NNNNNNNNNNNNNNNNNNNNNNN
chr1,152302776,152302798,-,GTGCTGAGAGTGTCTAAACCCGG,NNNNNNNNNNNNNNNNNNNNNNN,AAAAAAAAAAAAAAAAAAAAAAA,AAAAAAAAAAAAAAAAAAAAAAA,NNNNNNNNNNNNNNNNNNNNNNN
chr1,152302791,152302813,+,ACCTATCTACCGATTGCTCGTGG,NNNNNNNNNNNNNNNNNNNNNNN,NAAAAAAAAAAAAAAAAAAAAAA,AAAAAAAAAAAAAAAAAAAAAAA,NNNNNNNNNNNNNNNNNNNNNNN
chr1,152303107,152303129,-,TCTAGAGCTGTCGGCCCAAGAGG,NNNNNNNNNNNNNNNNNNNNNNN,AAAAAAAAAAAAAAAAAAAAAAA,AAAAAAAAAAAAAAAAAAAAAAA,NNNNNNNNNNNNNNNNNNNNNNN
chr1,152303115,152303137,+,TATCTACCAATTGCTCGTAGTGG,NNNNNNNNNNNNNNNNNNNNNNN,AAAAAAAAAAAAAAAAAAAAAAA,AAAAAAAAAAAAAAAAAAAAAAA,NNNNNNNNNNNNNNNNNNNNNNN
chr1,152303160,152303182,+,TCCAGAGCTGTCGGCCCGAGAGG,NNNNNNNNNNNNNNNNNNNNNNN,AAAAAAAAAAAAAAAAAAAAAAA,AAAAAAAAAAAAAAAAAAAAAAA,NNNNNNNNNNNNNNNNNNNNNNN
chr1,152311219,152311241,-,TCTGTCTTCGTGATGGGACGTGG,NNNNNNNNNNNNNNNNNNNNNNN,AAAAAAAAAAAAAAAAAAAAAAA,AAAAAAAAAAAAAAAAAAAAAAA,NNNNNNNNNNNNNNNNNNNNNNN
chr1,152317894,152317916,-,ACCAGTCACGTGCGGACTCTTGG,NNNNNNNNNNNNNNNNNNNNNNN,AAAAAAAAAAAAAAAAAAAAAAA,AAAAAAAAAAAAAAAAAAAAAAA,NNNNNNNNNNNNNNNNNNNNNNN
chr1,152324321,152324343,-,TATCTACCGAATGCTCGTGGTGG,NNNNNNNNNNNNNNNNNNNNNNN,NNNNNNNNNNNNNNNNNNNNNNN,AAAAAAAAAAAAAAAAAAAAAAA,NNNNNNNNNNNNNNNNNNNNNNN
chr1,152324562,152324584,-,GTCCAGACCTTCCTGCTGACCGG,NNNNNNNNNNNNNNNNNNNNNNN,NNNNNNNNNNNNNNNNNNNNNNN,AAAAAAAAAAAAAAAAAAAAAAA,NNNNNNNNNNNNNNNNNNNNNNN
chr1,152303153,152303175,+,GTCCAGACCTTCCTGCTGACCGG,NNNNNNNNNNNNNNNNNNNNNNN,NNNNNNNNNNNNNNNNNNNNNNN,AAAAAAAAAAAAAAAAAAAAAAA,NNNNNNNNNNNNNNNNNNNNNNN
chr1,152303332,152303354,-,TCCCCCTGACCGGTCACGTGCGG,NNNNNNNNNNNNNNNNNNNNNNN,NNNNNNNNNNNNNNAAAAAAAAA,AAAAAAAAAAAAAAAAAAAAAAA,NNNNNNNNNNNNNNNNNNNNNNN
chr1,152307315,152307337,-,TATCTACCGATTGCTCTTGGTGG,NNNNNNNNNNNNNNNNNNNNNNN,AAAAAAAAAAAAAAAAAAAAAAA,AAAAAAAAAAAAAAAAAAAAAAA,NNNNNNNNNNNNNNNNNNNNNNN
chr1,152310092,152310114,-,GCTGGGCCCCGTCCATCCATGGG,NNNNNNNNNNNNNNNNNNNNNNN,NNNNNNNNNNNNNNNNNNNNNNN,AAAAAAAAAAAAAAAAAAAAAAA,NNNNNNNNNNNNNNNNNNNNNNN
chr1,152313640,152313662,-,GCTCCCGAGAAGATCCATGATGG,NNNNNNNNNNNNNNNNNNNNNNN,AAAAAAAAAAAAAAAAAAAAAAA,AAAAAAAAAAAAAAAAAAAAAAA,NNNNNNNNNNNNNNNNNNNNNNN
chr1,152314006,152314028,-,TCTAGAGCTGCCGGCCCGAGTGG,NNNNNNNNNNNNNNNNNNNNNNN,AAAAAAAAAAAAAAAAAAAAAAA,AAAAAAAAAAAAAAAAAAAAAAA,NNNNNNNNNNNNNNNNNNNNNNN
chr1,152316843,152316865,-,TTCTTCTAATAGACTATCAGTGG,NNNNNNNNNNNNNNNNNNNNNNN,AAAAAAAAAAAAAAAAAAAAAAA,AAAAAAAAAAAAAAAAAAAAAAA,NNNNNNNNNNNNNNNNNNNNNNN
chr1,152316843,152316865,-,TGGACCCCGCTGATTCACCCTGG,NNNNNNNNNNNNNNNNNNNNNNN,AAAAAAAAAAAAAAAAAAAAAAA,AAAAAAAAAAAAAAAAAAAAAAA,NNNNNNNNNNNNNNNNNNNNNNN
chr1,152303161,152303183,+,AGTCACGTGCGGACTCTTGGTGG,NNNNNNNNNNNNNNNNNNNNNNN,AAAAAAAAAAAAAAAAAAAAAAA,AAAAAAAAAAAAAAAAAAAAAAA,NNNNNNNNNNNNNNNNNNNNNNN
chr1,152303100,152303122,-,TATCGCGGTGAGAGGATCCGGGG,NNNNNNNNNNNNNNNNNNNNNNN,NNNNNNNNNNNNNNNNNNNNNNN,AAAAAAAAAAAAAAAAAAAAAAA,NNNNNNNNNNNNNNNNNNNNNNN
chr1,152303146,152303168,+,TGGCTAACACTGGATCCCCGGGG,NNNNNNNNNNNNNNNNNNNNNNN,NNNNNNNNNNNNNNNNNNNNNNN,NNNNNNNNNNNNNNNNNNNNNNN,NNNNNNNNNNNNNNNNNNNNNNN
chr1,152303159,152303181,+,GTACATGACTGGCTGTATCGCGG,NNNNNNNNNNNNNNNNNNNNNNN,NNNNNNNNNNNNNNNNNNNNNNN,AAAAAAAAAAAAAAAAAAAAAAA,NNNNNNNNNNNNNNNNNNNNNNN
chr1,152304410,152304432,+,TCTAGTACCGCTAAGGAACATGG,NNNNNNNNNNNNNNNNNNNNNNN,NNNNNNNNNNNNNNNNNNNNNNN,AAAAAAAAAAAAAAAAAAAAAAA,NNNNNNNNNNNNNNNNNNNNNNN
chr1,152308152,152308174,+,GTCATTACGAGTTTGTCTGCTGG,NNNNNNNNNNNNNNNNNNNNNNN,NNNNNNNNNNNNNNNNNNNNNNN,NNNNNNNNNNNNNNNNNNNNNNN,NNNNNNNNNNNNNNNNNNNNNNN
chr1,152313641,152313663,-,CAGTCAGCGATCGTGGACACCGG,NNNNNNNNNNNNNNNNNNNNNNN,AAAAAAAAAAAAAAAAAAAAAAA,NNNNNNNNNNNNNNNNNNNNNNN,NNNNNNNNNNNNNNNNNNNNNNN
chr1,152317846,152317868,-,TGTATCGCGGTGAGAGGATCCGG,NNNNNNNNNNNNNNNNNNNNNNN,NNNNNNNNNNNNNNNNNNNNNNN,AAAAAAAAAAAAAAAAAAAAAAA,NNNNNNNNNNNNNNNNNNNNNNN
chr1,152313638,152313660,-,TCAGCGATCGTGGACACCGGGGG,NNNNNNNNNNNNNNNNNNNNNNN,AAAAAAAAAAAAAAAAAAAAAAA,NNNNNNNNNNNNNNNNNNNNNNN,NNNNNNNNNNNNNNNNNNNNNNN
chr1,152313668,152313690,+,TGAAGCTTGCCCGCGCCCAGTGG,NNNNNNNNNNNNNNNNNNNNNNN,AAAAAAAAAAAAAAAAAAAAAAA,NNNNNNNNNNNNNNNNNNNNNNN,NNNNNNNNNNNNNNNNNNNNNNN
chr1,152317847,152317869,-,TGCAAGCAGACAAACTCGTAAGG,NNNNNNNNNNNNNNNNNNNNNNN,NNNNNNNNNNNNNNNNNNNNNNN,NNNNNNNNNNNNNNNNNNNNNNN,NNNNNNNNNNNNNNNNNNNNNNN
chr1,152324320,152324342,-,ATATACGTTGCATAATACCTTGG,NNNNNNNNNNNNNNNNNNNNNNN,NNNNNNNNNNNNNNNNNNNNNNN,NNNNNNNNNNNNNNNNNNNNNNN,NNNNNNNNNNNNNNNNNNNNNNN
chr1,152302776,152302798,-,GGAATTTCGGCAAATCCTGAAGG,AAAAAAAAAAAAAAAAAAAAAAA,NNNNNNNNNNNNAAAAAAAAAAA,NNNNNNNNNNNNNNNNNNNNNNN,NNNNNNNNNNNNNNNNNNNNNNN
chr1,152302791,152302813,+,ACGTATATTAATAAGGACCCAGG,NNNNNNNNNNNNNNNNNNNNNNN,NNNNNNNNNNNNNNNNNNNNNNN,NNNNNNNNNNNNNNNNNNNNNNN,NNNNNNNNNNNNNNNNNNNNNNN
chr1,152303107,152303129,-,GTCAGACTCTAGTACCGCTAAGG,NNNNNNNNNNNNNNNNNNNNNNN,NNNNNNNNNNNNNNNNNNNNNNN,AAAAAAAAAAAAAAAAAAAAAAA,NNNNNNNNNNNNNNNNNNNNNNN
chr1,152303115,152303137,+,GTACTAGAGTCTGACTGTACAGG,NNNNNNNNNNNNNNNNNNNNNNN,NNNNNNNNNNNNNNNNNNNNNNN,AAAAAAAAAAAAAAAAAAAAAAA,NNNNNNNNNNNNNNNNNNNNNNN
chr1,152303160,152303182,+,TTCGTGGACACCCGGGGTCAAGG,NNNNNNNNNNNNNNNNNNNNNNN,NNNNNNNNNNNNNNNNNNNNNNN,NNNNNNNNNNNNNNNNNNNNNNN,NNNNNNNNNNNNNNNNNNNNNNN
chr1,152311219,152311241,-,GTATCGCGGTGAGAGGATCCGGG,NNNNNNNNNNNNNNNNNNNNNNN,NNNNNNNNNNNNNNNNNNNNNNN,AAAAAAAAAAAAAAAAAAAAAAA,NNNNNNNNNNNNNNNNNNNNNNN
chr1,152317894,152317916,-,GTCCAGGACAAGAAAGCGTAGGG,NNNNNNNNNNNNNNNNNNNNNNN,AAAAAAAAAAAAAAAAAAAAAAA,AAAAAAAAAAAAAAAAAAAAAAA,NNNNNNNNNNNNNNNNNNNNNNN
chr1,152324321,152324343,-,GAGCTGCCGGCCCGAGTGGAAGG,NNNNNNNNNNNNNNNNNNNNNNN,NNNNNNNNNNNNNNNNNNNNNNN,NNNNNNNNNNNNNNNNNNNNNNN,NNNNNNNNNNNNNNNNNNNNNNN
chr1,152324562,152324584,-,TCCTCTCGGGCCGACAGCTCTGG,AAAAAAAAAAAAAAAAAAAAAAA,AAAAAAAAAAAAAAAAAAAAAAA,NNNNNNNNNNNNNNNNNNNNNNN,NNNNNNNNNNNNNNNNNNNNNNN
chr1,152303153,152303175,+,AGTCCGCCCATGGACGCACAGGG,NNNNNNNNNNNNNNNNNNNNNNN,AAAAAAAAAAAAAAAAAAAAAAA,NNNNNNNNNNNNNNNNNNNNNNN,NNNNNNNNNNNNNNNNNNNNNNN
chr1,152303332,152303354,-,ACTGGCTGTATCGCGGTGAGAGG,NNNNNNNNNNNNNNNNNNNNNNN,NNNNNNNNNNNNNNNNNNNNNNN,AAAAAAAAAAAAAAAAAAAAAAA,NNNNNNNNNNNNNNNNNNNNNNN
chr1,152307315,152307337,-,GTCCGGCCAGGGTGAATCAGCGG,NNNNNNNNNNNNNNNNNNNNNNN,AAAAAAAAAAAAAAAAAAAAAAA,AAAAAAAAAAAAAAAAAAAAAAA,NNNNNNNNNNNNNNNNNNNNNNN
chr1,152309537,152309559,-,ACTCGTAACGATGAACAATCAGG,AAAAAAAAAAAAAAAAAAAAAAA,AAAAAAAAAAAAAAAAAAAAAAA,NNNNNNNNNNNNNNNNNNNNNNN,NNNNNNNNNNNNNNNNNNNNNNN
chr1,152310092,152310114,-,AGTCAGCGATCGTGGACACCGGG,NNNNNNNNNNNNNNNNNNNNNNN,AAAAAAAAAAAAAAAAAAAAAAA,NNNNNNNNNNNNNNNNNNNNNNN,NNNNNNNNNNNNNNNNNNNNNNN
chr1,152310174,152310196,+,GATCCAGTGTTAGTCAGGACAGG,NNNNNNNNNNNNNNNNNNNNNNN,NNNNNNNNNNNNNNNNNNNNNNN,NNNNNNNNNNNNNNNNNNNNNNN,NNNNNNNNNNNNNNNNNNNNNNN
chr1,152313640,152313662,-,AGTGATATATCGAAACAACTGGG,NNNNNNNNNNNNNNNNNNNNNNN,NNNNNNNNNNNNNNNNNNNNNNN,NNNNNNNNNNNNNNNNNNNNNNN,NNNNNNNNNNNNNNNNNNNNNNN
chr1,152314006,152314028,-,TGGACTCCTGCAATGGTACCTGG,NNNNNNNNNNNNNNNNNNNNNNN,AAAAAAAAAAAAAAAAAAAAAAA,AAAAAAAAAAAAAAAAAAAAAAA,NNNNNNNNNNNNNNNNNNNNNNN
chr1,152316843,152316865,-,TCAACCATATCTGGGTCATCTGG,NNNNNNNNNNNNNNNNNNNNNNN,AAAAAAAAAAAAAAAAAAAAAAA,NNNNNNNNNNNNNNNNNNNNNNN,NNNNNNNNNNNNNNNNNNNNNNN
chr1,152316843,152316865,-,TAGTGATATATCGAAACAACTGG,NNNNNNNNNNNNNNNNNNNNNNN,NNNNNNNNNNNNNNNNNNNNNNN,NNNNNNNNNNNNNNNNNNNNNNN,NNNNNNNNNNNNNNNNNNNNNNN
chr2,152316843,152316865,-,CATGAACCTTCCACTCGGGCCGG,NNNNNNNNNNNNNNNNNNNNNNN,NNNNNNNNNNNNNNNNNNNNNNN,NNNNNNNNNNNNNNNNNNNNNNN,NNNNNNNNNNNNNNNNNNNNNNN